db_id	OMIM_id	ori_exp	drug_dis	test_train_valid
DB00007	D131200	original	DB00007D131200	train
DB00007	D150699	original	DB00007D150699	train
DB00007	D175510	original	DB00007D175510	train
DB00007	D176807	original	DB00007D176807	train
DB00007	D600082	original	DB00007D600082	train
DB00007	D601518	original	DB00007D601518	train
DB00007	D604416	original	DB00007D604416	train
DB00010	D604416	original	DB00010D604416	train
DB00014	D114480	original	DB00014D114480	train
DB00014	D131200	expanded	DB00014D131200	test
DB00014	D176807	original	DB00014D176807	test
DB00014	D601518	original	DB00014D601518	train
DB00017	D143880	expanded	DB00017D143880	train
DB00017	D166710	original	DB00017D166710	train
DB00017	D167320	expanded	DB00017D167320	train
DB00017	D602080	original	DB00017D602080	train
DB00035	D125700	original	DB00035D125700	train
DB00035	D134430	original	DB00035D134430	train
DB00035	D304900	original	DB00035D304900	train
DB00035	D600631	original	DB00035D600631	train
DB00035	D600808	original	DB00035D600808	train
DB00067	D125700	original	DB00067D125700	train
DB00067	D304900	original	DB00067D304900	test
DB00091	D152700	original	DB00091D152700	train
DB00091	D254200	original	DB00091D254200	train
DB00104	D125852	original	DB00104D125852	train
DB00114	D217200	original	DB00114D217200	train
DB00114	D239350	original	DB00114D239350	train
DB00115	D170900	original	DB00115D170900	train
DB00122	D140600	original	DB00122D140600	train
DB00122	D147530	original	DB00122D147530	train
DB00122	D165720	original	DB00122D165720	train
DB00122	D208230	original	DB00122D208230	train
DB00122	D607459	original	DB00122D607459	train
DB00122	D607850	original	DB00122D607850	train
DB00125	D220120	original	DB00125D220120	train
DB00126	D206200	original	DB00126D206200	train
DB00126	D240400	original	DB00126D240400	train
DB00126	D250790	original	DB00126D250790	train
DB00131	D194200	original	DB00131D194200	train
DB00136	D146255	expanded	DB00136D146255	train
DB00136	D277440	original	DB00136D277440	train
DB00136	D277460	original	DB00136D277460	train
DB00140	D145590	original	DB00140D145590	train
DB00153	D146255	original	DB00153D146255	train
DB00153	D241519	original	DB00153D241519	train
DB00153	D259660	original	DB00153D259660	train
DB00153	D277440	original	DB00153D277440	test
DB00160	D261515	original	DB00160D261515	train
DB00162	D115300	original	DB00162D115300	train
DB00162	D277350	original	DB00162D277350	train
DB00163	D104300	original	DB00163D104300	train
DB00163	D125320	original	DB00163D125320	train
DB00163	D200170	original	DB00163D200170	train
DB00163	D230450	original	DB00163D230450	train
DB00163	D231900	original	DB00163D231900	train
DB00163	D266120	original	DB00163D266120	train
DB00163	D277460	original	DB00163D277460	valid
DB00163	D605055	original	DB00163D605055	train
DB00163	D606703	original	DB00163D606703	train
DB00165	D217200	original	DB00165D217200	train
DB00165	D239350	original	DB00165D239350	train
DB00167	D225740	original	DB00167D225740	train
DB00167	D225755	original	DB00167D225755	train
DB00167	D260970	original	DB00167D260970	train
DB00167	D608033	original	DB00167D608033	train
DB00169	D102500	original	DB00169D102500	train
DB00169	D166710	original	DB00169D166710	train
DB00169	D266600	expanded	DB00169D266600	train
DB00175	D144010	original	DB00175D144010	train
DB00175	D601367	original	DB00175D601367	train
DB00176	D164230	expanded	DB00176D164230	train
DB00176	D167870	original	DB00176D167870	train
DB00177	D161900	original	DB00177D161900	train
DB00177	D608622	original	DB00177D608622	train
DB00178	D146255	original	DB00178D146255	train
DB00178	D161900	original	DB00178D161900	train
DB00178	D608622	original	DB00178D608622	test
DB00179	D106400	expanded	DB00179D106400	train
DB00180	D208550	original	DB00180D208550	train
DB00180	D600807	original	DB00180D600807	train
DB00181	D126200	original	DB00181D126200	train
DB00181	D128101	original	DB00181D128101	train
DB00181	D143100	original	DB00181D143100	train
DB00181	D147530	expanded	DB00181D147530	train
DB00181	D189600	expanded	DB00181D189600	train
DB00181	D190400	original	DB00181D190400	train
DB00181	D601042	original	DB00181D601042	train
DB00181	D607225	original	DB00181D607225	train
DB00182	D143465	original	DB00182D143465	train
DB00186	D167870	expanded	DB00186D167870	train
DB00186	D189600	original	DB00186D189600	valid
DB00186	D252320	original	DB00186D252320	train
DB00187	D161900	original	DB00187D161900	train
DB00187	D608622	original	DB00187D608622	test
DB00188	D254500	original	DB00188D254500	train
DB00190	D102300	original	DB00190D102300	train
DB00190	D125320	original	DB00190D125320	train
DB00190	D168100	original	DB00190D168100	train
DB00190	D168600	original	DB00190D168600	train
DB00191	D264120	original	DB00191D264120	train
DB00191	D303110	original	DB00191D303110	train
DB00191	D601665	original	DB00191D601665	train
DB00193	D102300	original	DB00193D102300	train
DB00193	D147530	original	DB00193D147530	test
DB00195	D137750	original	DB00195D137750	train
DB00195	D161900	original	DB00195D161900	valid
DB00195	D608622	original	DB00195D608622	train
DB00199	D604416	original	DB00199D604416	train
DB00201	D136200	original	DB00201D136200	train
DB00201	D140600	original	DB00201D140600	train
DB00201	D145590	original	DB00201D145590	train
DB00201	D147530	original	DB00201D147530	train
DB00201	D157300	original	DB00201D157300	train
DB00203	D161900	original	DB00203D161900	train
DB00203	D178600	original	DB00203D178600	train
DB00204	D115000	original	DB00204D115000	train
DB00204	D607554	original	DB00204D607554	train
DB00204	D608583	original	DB00204D608583	train
DB00206	D161900	original	DB00206D161900	train
DB00206	D608622	original	DB00206D608622	train
DB00208	D188050	original	DB00208D188050	train
DB00210	D604416	original	DB00210D604416	train
DB00211	D146500	original	DB00211D146500	train
DB00211	D157700	original	DB00211D157700	train
DB00211	D252320	original	DB00211D252320	train
DB00213	D109350	original	DB00213D109350	train
DB00213	D190310	original	DB00213D190310	train
DB00213	D600263	original	DB00213D600263	train
DB00214	D146255	original	DB00214D146255	train
DB00214	D161900	original	DB00214D161900	train
DB00214	D166300	expanded	DB00214D166300	train
DB00214	D208300	original	DB00214D208300	train
DB00214	D215140	original	DB00214D215140	train
DB00214	D600351	original	DB00214D600351	train
DB00214	D608622	original	DB00214D608622	train
DB00215	D103780	original	DB00215D103780	train
DB00215	D131300	original	DB00215D131300	train
DB00215	D164230	original	DB00215D164230	train
DB00215	D167870	original	DB00215D167870	train
DB00215	D182830	original	DB00215D182830	train
DB00215	D225740	original	DB00215D225740	train
DB00215	D225755	original	DB00215D225755	train
DB00215	D260970	original	DB00215D260970	test
DB00215	D608033	original	DB00215D608033	test
DB00216	D157300	original	DB00216D157300	train
DB00216	D300125	original	DB00216D300125	train
DB00216	D607498	original	DB00216D607498	train
DB00216	D607501	original	DB00216D607501	train
DB00216	D607508	original	DB00216D607508	train
DB00216	D607516	original	DB00216D607516	train
DB00218	D208550	original	DB00218D208550	train
DB00221	D208550	original	DB00221D208550	train
DB00221	D210050	original	DB00221D210050	train
DB00221	D600807	original	DB00221D600807	valid
DB00222	D125850	original	DB00222D125850	train
DB00222	D125851	original	DB00222D125851	train
DB00222	D125853	original	DB00222D125853	train
DB00222	D600496	original	DB00222D600496	train
DB00226	D161900	original	DB00226D161900	train
DB00226	D608622	original	DB00226D608622	valid
DB00227	D144010	expanded	DB00227D144010	train
DB00227	D608320	original	DB00227D608320	train
DB00230	D102300	original	DB00230D102300	train
DB00230	D147530	original	DB00230D147530	train
DB00230	D165199	original	DB00230D165199	train
DB00232	D215140	original	DB00232D215140	train
DB00240	D233810	original	DB00240D233810	train
DB00241	D145590	original	DB00241D145590	train
DB00241	D157300	expanded	DB00241D157300	train
DB00242	D109543	original	DB00242D109543	train
DB00242	D126200	expanded	DB00242D126200	test
DB00242	D151400	original	DB00242D151400	train
DB00242	D258360	expanded	DB00242D258360	train
DB00242	D276300	original	DB00242D276300	train
DB00244	D266600	original	DB00244D266600	train
DB00245	D125320	original	DB00245D125320	train
DB00245	D168100	original	DB00245D168100	test
DB00245	D168600	original	DB00245D168600	train
DB00246	D137580	original	DB00246D137580	train
DB00246	D181500	original	DB00246D181500	train
DB00248	D600634	original	DB00248D600634	train
DB00252	D104130	original	DB00252D104130	train
DB00252	D115000	original	DB00252D115000	train
DB00252	D165199	expanded	DB00252D165199	train
DB00252	D217200	original	DB00252D217200	test
DB00255	D276300	original	DB00255D276300	train
DB00257	D114580	original	DB00257D114580	train
DB00257	D212050	original	DB00257D212050	train
DB00262	D109543	original	DB00262D109543	train
DB00262	D137800	original	DB00262D137800	train
DB00262	D236000	original	DB00262D236000	train
DB00262	D247640	original	DB00262D247640	train
DB00262	D254500	original	DB00262D254500	train
DB00262	D267730	original	DB00262D267730	train
DB00262	D276300	original	DB00262D276300	test
DB00264	D110100	expanded	DB00264D110100	train
DB00264	D157700	original	DB00264D157700	valid
DB00264	D161900	original	DB00264D161900	train
DB00264	D190300	expanded	DB00264D190300	train
DB00264	D607554	original	DB00264D607554	test
DB00264	D608583	original	DB00264D608583	train
DB00264	D608622	original	DB00264D608622	train
DB00268	D102300	original	DB00268D102300	train
DB00268	D125320	original	DB00268D125320	valid
DB00268	D168100	original	DB00268D168100	train
DB00268	D168600	original	DB00268D168600	test
DB00270	D161900	original	DB00270D161900	train
DB00270	D179600	original	DB00270D179600	train
DB00270	D608622	original	DB00270D608622	train
DB00273	D147530	original	DB00273D147530	train
DB00273	D157300	original	DB00273D157300	train
DB00273	D264120	original	DB00273D264120	train
DB00273	D300125	original	DB00273D300125	train
DB00273	D308350	original	DB00273D308350	train
DB00273	D605021	original	DB00273D605021	train
DB00273	D607499	original	DB00273D607499	train
DB00275	D161900	original	DB00275D161900	train
DB00275	D608622	original	DB00275D608622	train
DB00277	D208550	original	DB00277D208550	train
DB00277	D210050	original	DB00277D210050	valid
DB00277	D600807	original	DB00277D600807	train
DB00278	D188050	original	DB00278D188050	train
DB00279	D138800	original	DB00279D138800	train
DB00279	D140300	original	DB00279D140300	train
DB00279	D255900	original	DB00279D255900	train
DB00279	D275000	original	DB00279D275000	train
DB00280	D115000	original	DB00280D115000	train
DB00281	D147530	original	DB00281D147530	train
DB00282	D102400	original	DB00282D102400	train
DB00282	D102500	original	DB00282D102500	test
DB00282	D114480	original	DB00282D114480	train
DB00282	D143880	original	DB00282D143880	valid
DB00282	D166300	original	DB00282D166300	valid
DB00282	D166710	original	DB00282D166710	train
DB00282	D167320	original	DB00282D167320	test
DB00282	D254500	original	DB00282D254500	train
DB00282	D276300	original	DB00282D276300	train
DB00284	D125850	original	DB00284D125850	train
DB00284	D125851	original	DB00284D125851	valid
DB00284	D125853	original	DB00284D125853	test
DB00284	D600496	original	DB00284D600496	test
DB00285	D131300	original	DB00285D131300	train
DB00285	D143465	original	DB00285D143465	train
DB00285	D147530	original	DB00285D147530	train
DB00285	D164230	original	DB00285D164230	train
DB00285	D167870	original	DB00285D167870	test
DB00285	D607499	original	DB00285D607499	valid
DB00286	D102500	expanded	DB00286D102500	train
DB00286	D114480	original	DB00286D114480	train
DB00286	D176807	original	DB00286D176807	test
DB00286	D192000	original	DB00286D192000	train
DB00286	D215470	original	DB00286D215470	train
DB00286	D311360	original	DB00286D311360	train
DB00286	D601518	original	DB00286D601518	train
DB00287	D137750	original	DB00287D137750	train
DB00287	D137760	original	DB00287D137760	train
DB00287	D161900	original	DB00287D161900	valid
DB00287	D601682	original	DB00287D601682	train
DB00289	D143465	original	DB00289D143465	train
DB00290	D109543	original	DB00290D109543	train
DB00290	D155600	original	DB00290D155600	train
DB00290	D155601	original	DB00290D155601	train
DB00290	D236000	original	DB00290D236000	train
DB00290	D247640	original	DB00290D247640	train
DB00290	D267730	original	DB00290D267730	test
DB00290	D273300	original	DB00290D273300	train
DB00295	D147530	original	DB00295D147530	train
DB00297	D147530	original	DB00297D147530	train
DB00302	D134430	original	DB00302D134430	train
DB00302	D134500	original	DB00302D134500	train
DB00302	D134510	original	DB00302D134510	train
DB00302	D134520	original	DB00302D134520	train
DB00302	D227300	original	DB00302D227300	train
DB00304	D131200	original	DB00304D131200	train
DB00304	D184700	original	DB00304D184700	train
DB00304	D192000	expanded	DB00304D192000	train
DB00305	D109800	original	DB00305D109800	train
DB00305	D137215	original	DB00305D137215	train
DB00307	D254400	original	DB00307D254400	train
DB00307	D276300	original	DB00307D276300	valid
DB00308	D607554	original	DB00308D607554	train
DB00308	D608583	original	DB00308D608583	train
DB00310	D161900	original	DB00310D161900	train
DB00310	D608622	original	DB00310D608622	train
DB00313	D104130	original	DB00313D104130	train
DB00313	D104300	original	DB00313D104300	train
DB00313	D125320	original	DB00313D125320	train
DB00313	D181500	original	DB00313D181500	train
DB00313	D217200	original	DB00313D217200	train
DB00313	D239350	original	DB00313D239350	train
DB00313	D605055	original	DB00313D605055	train
DB00315	D157300	original	DB00315D157300	train
DB00316	D140600	original	DB00316D140600	train
DB00316	D145590	original	DB00316D145590	train
DB00316	D147530	original	DB00316D147530	test
DB00316	D157300	original	DB00316D157300	train
DB00316	D608088	original	DB00316D608088	train
DB00318	D140600	expanded	DB00318D140600	train
DB00318	D145590	original	DB00318D145590	test
DB00318	D608088	original	DB00318D608088	train
DB00320	D145590	original	DB00320D145590	train
DB00320	D157300	original	DB00320D157300	train
DB00320	D300125	original	DB00320D300125	train
DB00321	D144110	original	DB00321D144110	train
DB00321	D147530	original	DB00321D147530	train
DB00321	D252320	original	DB00321D252320	test
DB00323	D168100	original	DB00323D168100	train
DB00323	D168600	original	DB00323D168600	valid
DB00324	D278200	original	DB00324D278200	train
DB00325	D161900	original	DB00325D161900	train
DB00325	D608622	original	DB00325D608622	train
DB00327	D147530	original	DB00327D147530	train
DB00327	D608088	original	DB00327D608088	train
DB00328	D133600	original	DB00328D133600	train
DB00328	D133690	original	DB00328D133690	train
DB00328	D140600	original	DB00328D140600	train
DB00328	D147530	original	DB00328D147530	test
DB00328	D157300	original	DB00328D157300	valid
DB00328	D165720	original	DB00328D165720	valid
DB00328	D208230	original	DB00328D208230	train
DB00328	D246400	original	DB00328D246400	train
DB00328	D263800	original	DB00328D263800	train
DB00328	D602522	original	DB00328D602522	train
DB00328	D607459	original	DB00328D607459	train
DB00328	D607850	original	DB00328D607850	train
DB00331	D125850	original	DB00331D125850	train
DB00331	D125851	original	DB00331D125851	train
DB00331	D125853	original	DB00331D125853	train
DB00331	D176800	expanded	DB00331D176800	train
DB00331	D184700	original	DB00331D184700	train
DB00331	D600496	original	DB00331D600496	train
DB00332	D208550	original	DB00332D208550	train
DB00332	D210050	original	DB00332D210050	test
DB00332	D600807	original	DB00332D600807	train
DB00333	D147530	original	DB00333D147530	train
DB00334	D164230	expanded	DB00334D164230	train
DB00334	D181500	original	DB00334D181500	train
DB00334	D300494	original	DB00334D300494	train
DB00335	D110100	original	DB00335D110100	train
DB00335	D157700	original	DB00335D157700	train
DB00337	D233810	original	DB00337D233810	train
DB00337	D603165	original	DB00337D603165	train
DB00338	D109350	original	DB00338D109350	train
DB00338	D190310	original	DB00338D190310	train
DB00338	D304790	original	DB00338D304790	train
DB00338	D600263	original	DB00338D600263	train
DB00342	D147540	original	DB00342D147540	train
DB00343	D161900	original	DB00343D161900	train
DB00343	D179600	original	DB00343D179600	valid
DB00343	D607554	original	DB00343D607554	valid
DB00343	D608583	original	DB00343D608583	test
DB00343	D608622	original	DB00343D608622	train
DB00346	D147530	original	DB00346D147530	train
DB00346	D200170	original	DB00346D200170	test
DB00346	D600082	original	DB00346D600082	test
DB00350	D104130	original	DB00350D104130	train
DB00350	D161900	original	DB00350D161900	train
DB00350	D608622	original	DB00350D608622	train
DB00351	D109100	expanded	DB00351D109100	train
DB00351	D114480	original	DB00351D114480	valid
DB00351	D192000	expanded	DB00351D192000	train
DB00352	D601626	original	DB00352D601626	train
DB00353	D157300	original	DB00353D157300	train
DB00354	D145590	original	DB00354D145590	train
DB00356	D147530	original	DB00356D147530	train
DB00357	D268320	original	DB00357D268320	train
DB00361	D236000	original	DB00361D236000	train
DB00363	D181500	original	DB00363D181500	train
DB00364	D109350	original	DB00364D109350	train
DB00364	D161900	original	DB00364D161900	valid
DB00364	D190310	original	DB00364D190310	valid
DB00366	D145590	original	DB00366D145590	train
DB00366	D147540	expanded	DB00366D147540	train
DB00367	D131200	original	DB00367D131200	train
DB00367	D184700	original	DB00367D184700	valid
DB00367	D192000	expanded	DB00367D192000	test
DB00368	D146500	original	DB00368D146500	train
DB00371	D145590	original	DB00371D145590	train
DB00371	D200170	expanded	DB00371D200170	test
DB00371	D601042	expanded	DB00371D601042	valid
DB00373	D137750	original	DB00373D137750	train
DB00373	D137760	original	DB00373D137760	test
DB00373	D157300	original	DB00373D157300	train
DB00373	D161900	original	DB00373D161900	train
DB00373	D300125	original	DB00373D300125	train
DB00373	D601682	original	DB00373D601682	train
DB00373	D608622	original	DB00373D608622	train
DB00374	D161900	original	DB00374D161900	train
DB00374	D178600	original	DB00374D178600	train
DB00376	D168100	original	DB00376D168100	train
DB00379	D115000	original	DB00379D115000	train
DB00380	D208750	original	DB00380D208750	train
DB00380	D212112	original	DB00380D212112	train
DB00380	D212130	original	DB00380D212130	train
DB00380	D212350	original	DB00380D212350	train
DB00380	D225740	original	DB00380D225740	train
DB00380	D226000	original	DB00380D226000	train
DB00380	D305300	original	DB00380D305300	train
DB00381	D125310	original	DB00381D125310	train
DB00381	D145500	original	DB00381D145500	train
DB00381	D161900	original	DB00381D161900	test
DB00381	D179600	original	DB00381D179600	test
DB00381	D608320	original	DB00381D608320	train
DB00381	D608622	original	DB00381D608622	train
DB00382	D104300	original	DB00382D104300	train
DB00382	D125320	original	DB00382D125320	train
DB00382	D605055	expanded	DB00382D605055	train
DB00384	D203700	original	DB00384D203700	train
DB00384	D208300	original	DB00384D208300	valid
DB00384	D210050	original	DB00384D210050	train
DB00384	D215140	original	DB00384D215140	train
DB00384	D600351	original	DB00384D600351	train
DB00385	D109800	original	DB00385D109800	train
DB00387	D125320	original	DB00387D125320	train
DB00387	D168100	original	DB00387D168100	test
DB00387	D168600	original	DB00387D168600	train
DB00388	D137750	original	DB00388D137750	train
DB00388	D137760	original	DB00388D137760	train
DB00388	D145590	original	DB00388D145590	train
DB00388	D146500	original	DB00388D146500	train
DB00388	D147540	original	DB00388D147540	train
DB00388	D601682	original	DB00388D601682	valid
DB00388	D608088	original	DB00388D608088	train
DB00390	D607554	original	DB00390D607554	train
DB00390	D608583	original	DB00390D608583	train
DB00393	D125310	original	DB00393D125310	train
DB00393	D601367	original	DB00393D601367	train
DB00394	D208550	original	DB00394D208550	train
DB00394	D600807	original	DB00394D600807	test
DB00396	D217200	original	DB00396D217200	train
DB00397	D147540	original	DB00397D147540	train
DB00397	D264120	original	DB00397D264120	test
DB00397	D303110	original	DB00397D303110	test
DB00397	D601665	original	DB00397D601665	train
DB00397	D608088	original	DB00397D608088	train
DB00398	D114550	original	DB00398D114550	train
DB00398	D144700	original	DB00398D144700	train
DB00398	D188470	original	DB00398D188470	train
DB00398	D605839	original	DB00398D605839	train
DB00399	D102500	original	DB00399D102500	train
DB00399	D143880	original	DB00399D143880	train
DB00399	D167320	original	DB00399D167320	train
DB00399	D254500	original	DB00399D254500	train
DB00399	D276300	original	DB00399D276300	train
DB00399	D602080	original	DB00399D602080	train
DB00399	D605839	original	DB00399D605839	train
DB00401	D161900	original	DB00401D161900	train
DB00401	D179600	original	DB00401D179600	train
DB00401	D608622	original	DB00401D608622	train
DB00404	D167870	expanded	DB00404D167870	train
DB00404	D252320	original	DB00404D252320	valid
DB00407	D188050	original	DB00407D188050	train
DB00408	D181500	original	DB00408D181500	train
DB00412	D125850	original	DB00412D125850	train
DB00412	D125851	original	DB00412D125851	test
DB00412	D125853	original	DB00412D125853	valid
DB00412	D600496	original	DB00412D600496	valid
DB00413	D102300	original	DB00413D102300	train
DB00413	D125320	original	DB00413D125320	train
DB00413	D168100	original	DB00413D168100	test
DB00413	D168600	original	DB00413D168600	train
DB00414	D125850	original	DB00414D125850	train
DB00414	D125851	original	DB00414D125851	valid
DB00414	D125853	original	DB00414D125853	train
DB00414	D600496	original	DB00414D600496	train
DB00419	D230800	original	DB00419D230800	train
DB00421	D104130	original	DB00421D104130	train
DB00421	D161900	original	DB00421D161900	train
DB00421	D208300	original	DB00421D208300	valid
DB00421	D215140	original	DB00421D215140	train
DB00421	D600351	original	DB00421D600351	train
DB00421	D604416	original	DB00421D604416	train
DB00421	D608622	original	DB00421D608622	train
DB00422	D143465	original	DB00422D143465	train
DB00424	D144110	original	DB00424D144110	train
DB00424	D190310	original	DB00424D190310	train
DB00424	D200170	original	DB00424D200170	train
DB00424	D226150	original	DB00424D226150	train
DB00424	D260570	original	DB00424D260570	train
DB00428	D236000	original	DB00428D236000	train
DB00433	D145590	original	DB00433D145590	train
DB00433	D182830	original	DB00433D182830	train
DB00433	D225740	original	DB00433D225740	train
DB00433	D225755	original	DB00433D225755	test
DB00433	D260970	original	DB00433D260970	train
DB00433	D608033	original	DB00433D608033	valid
DB00434	D113610	original	DB00434D113610	train
DB00434	D147540	original	DB00434D147540	test
DB00434	D157300	original	DB00434D157300	valid
DB00434	D181500	original	DB00434D181500	train
DB00434	D218200	original	DB00434D218200	train
DB00434	D300125	original	DB00434D300125	test
DB00434	D312910	expanded	DB00434D312910	train
DB00434	D606703	original	DB00434D606703	train
DB00434	D606798	original	DB00434D606798	train
DB00436	D161900	original	DB00436D161900	train
DB00436	D215140	original	DB00436D215140	train
DB00436	D256370	original	DB00436D256370	train
DB00436	D600351	original	DB00436D600351	test
DB00436	D608622	original	DB00436D608622	train
DB00437	D310468	original	DB00437D310468	train
DB00437	D602068	expanded	DB00437D602068	train
DB00440	D166760	original	DB00440D166760	train
DB00440	D208550	original	DB00440D208550	train
DB00440	D604416	original	DB00440D604416	train
DB00441	D114480	original	DB00441D114480	train
DB00441	D144700	original	DB00441D144700	train
DB00441	D605839	original	DB00441D605839	valid
DB00443	D125600	original	DB00443D125600	train
DB00443	D133600	expanded	DB00443D133600	train
DB00443	D151590	original	DB00443D151590	train
DB00443	D603165	original	DB00443D603165	train
DB00444	D109543	original	DB00444D109543	train
DB00444	D182280	original	DB00444D182280	train
DB00444	D223350	original	DB00444D223350	train
DB00444	D236000	original	DB00444D236000	train
DB00444	D247640	original	DB00444D247640	train
DB00444	D267730	original	DB00444D267730	test
DB00445	D114480	original	DB00445D114480	train
DB00445	D276300	original	DB00445D276300	train
DB00448	D109350	original	DB00448D109350	train
DB00448	D190310	original	DB00448D190310	train
DB00448	D600263	original	DB00448D600263	valid
DB00449	D137750	original	DB00449D137750	train
DB00449	D137760	original	DB00449D137760	train
DB00449	D161900	original	DB00449D161900	valid
DB00449	D601682	original	DB00449D601682	train
DB00451	D138800	original	DB00451D138800	train
DB00451	D140300	original	DB00451D140300	train
DB00451	D255900	original	DB00451D255900	valid
DB00451	D275000	original	DB00451D275000	test
DB00454	D147530	original	DB00454D147530	train
DB00457	D147530	original	DB00457D147530	train
DB00457	D157950	original	DB00457D157950	train
DB00457	D161900	original	DB00457D161900	train
DB00457	D179600	original	DB00457D179600	train
DB00457	D200170	original	DB00457D200170	test
DB00457	D600082	original	DB00457D600082	train
DB00457	D608622	original	DB00457D608622	test
DB00458	D143465	original	DB00458D143465	train
DB00458	D147530	original	DB00458D147530	test
DB00458	D167870	original	DB00458D167870	train
DB00458	D600631	original	DB00458D600631	train
DB00458	D600808	original	DB00458D600808	valid
DB00461	D140600	original	DB00461D140600	train
DB00461	D147530	original	DB00461D147530	train
DB00464	D192200	original	DB00464D192200	train
DB00465	D147530	original	DB00465D147530	train
DB00465	D308205	original	DB00465D308205	train
DB00468	D200170	original	DB00468D200170	train
DB00470	D109100	original	DB00470D109100	train
DB00471	D208550	original	DB00471D208550	train
DB00471	D210050	original	DB00471D210050	test
DB00471	D600807	original	DB00471D600807	train
DB00472	D131300	expanded	DB00472D131300	train
DB00472	D164230	expanded	DB00472D164230	train
DB00472	D167870	original	DB00472D167870	train
DB00472	D181500	original	DB00472D181500	train
DB00472	D252320	expanded	DB00472D252320	train
DB00472	D607499	original	DB00472D607499	train
DB00475	D103780	original	DB00475D103780	train
DB00475	D226150	original	DB00475D226150	train
DB00476	D147530	original	DB00476D147530	train
DB00476	D165199	original	DB00476D165199	train
DB00477	D145590	original	DB00477D145590	train
DB00477	D181500	expanded	DB00477D181500	train
DB00480	D254500	original	DB00480D254500	train
DB00481	D102500	original	DB00481D102500	train
DB00481	D114480	original	DB00481D114480	train
DB00481	D166710	original	DB00481D166710	train
DB00482	D135550	original	DB00482D135550	train
DB00482	D140600	original	DB00482D140600	train
DB00482	D147530	original	DB00482D147530	train
DB00482	D165720	original	DB00482D165720	train
DB00482	D175100	original	DB00482D175100	train
DB00482	D175505	original	DB00482D175505	train
DB00482	D208230	original	DB00482D208230	train
DB00482	D246470	original	DB00482D246470	train
DB00482	D607459	original	DB00482D607459	train
DB00482	D607850	original	DB00482D607850	train
DB00484	D137750	original	DB00484D137750	train
DB00484	D137760	original	DB00484D137760	train
DB00484	D161900	original	DB00484D161900	train
DB00484	D601682	original	DB00484D601682	test
DB00489	D607554	original	DB00489D607554	train
DB00489	D608583	original	DB00489D608583	train
DB00490	D104130	original	DB00490D104130	train
DB00490	D156190	original	DB00490D156190	train
DB00490	D165150	original	DB00490D165150	train
DB00490	D167870	original	DB00490D167870	train
DB00490	D259050	original	DB00490D259050	train
DB00490	D300232	original	DB00490D300232	train
DB00491	D125850	original	DB00491D125850	train
DB00491	D125851	original	DB00491D125851	train
DB00491	D125853	original	DB00491D125853	train
DB00491	D600496	original	DB00491D600496	valid
DB00492	D146255	original	DB00492D146255	train
DB00492	D161900	original	DB00492D161900	valid
DB00492	D608622	original	DB00492D608622	valid
DB00494	D168100	original	DB00494D168100	train
DB00494	D168600	original	DB00494D168600	train
DB00497	D147530	original	DB00497D147530	train
DB00499	D176807	original	DB00499D176807	train
DB00500	D140600	original	DB00500D140600	train
DB00500	D165720	original	DB00500D165720	test
DB00500	D208230	original	DB00500D208230	train
DB00500	D607459	original	DB00500D607459	train
DB00500	D607850	original	DB00500D607850	valid
DB00501	D109350	original	DB00501D109350	train
DB00501	D190310	original	DB00501D190310	train
DB00501	D264120	original	DB00501D264120	train
DB00501	D304790	original	DB00501D304790	train
DB00502	D127750	expanded	DB00502D127750	train
DB00502	D137580	original	DB00502D137580	train
DB00502	D181500	original	DB00502D181500	test
DB00502	D182830	original	DB00502D182830	train
DB00508	D145590	original	DB00508D145590	train
DB00508	D147530	original	DB00508D147530	train
DB00510	D157300	original	DB00510D157300	train
DB00510	D300125	original	DB00510D300125	train
DB00514	D145590	original	DB00514D145590	train
DB00514	D608088	original	DB00514D608088	train
DB00515	D109800	original	DB00515D109800	train
DB00515	D133239	original	DB00515D133239	train
DB00515	D182280	original	DB00515D182280	valid
DB00515	D236000	original	DB00515D236000	train
DB00515	D254500	original	DB00515D254500	train
DB00515	D256700	original	DB00515D256700	train
DB00515	D259500	original	DB00515D259500	train
DB00515	D273300	original	DB00515D273300	valid
DB00515	D276300	original	DB00515D276300	train
DB00519	D146255	original	DB00519D146255	train
DB00519	D161900	original	DB00519D161900	test
DB00519	D608622	original	DB00519D608622	test
DB00521	D137750	original	DB00521D137750	train
DB00521	D161900	original	DB00521D161900	test
DB00521	D608622	original	DB00521D608622	train
DB00523	D148000	original	DB00523D148000	train
DB00524	D161900	original	DB00524D161900	train
DB00524	D215140	original	DB00524D215140	test
DB00524	D608622	original	DB00524D608622	train
DB00527	D147530	original	DB00527D147530	train
DB00530	D144700	original	DB00530D144700	train
DB00532	D104130	original	DB00532D104130	train
DB00533	D157300	original	DB00533D157300	train
DB00535	D166760	expanded	DB00535D166760	train
DB00535	D208550	original	DB00535D208550	valid
DB00536	D113610	original	DB00536D113610	train
DB00536	D218200	original	DB00536D218200	train
DB00536	D312910	original	DB00536D312910	train
DB00537	D145590	original	DB00537D145590	train
DB00537	D166760	original	DB00537D166760	train
DB00537	D208550	original	DB00537D208550	train
DB00537	D258360	original	DB00537D258360	test
DB00537	D266600	original	DB00537D266600	train
DB00540	D143465	original	DB00540D143465	train
DB00540	D147530	original	DB00540D147530	valid
DB00540	D167870	original	DB00540D167870	train
DB00540	D252320	original	DB00540D252320	train
DB00540	D600631	original	DB00540D600631	test
DB00540	D600808	original	DB00540D600808	valid
DB00541	D109543	original	DB00541D109543	train
DB00541	D194070	original	DB00541D194070	train
DB00541	D223350	original	DB00541D223350	train
DB00541	D236000	original	DB00541D236000	train
DB00541	D246470	original	DB00541D246470	train
DB00541	D247640	original	DB00541D247640	train
DB00541	D254500	original	DB00541D254500	valid
DB00541	D256700	original	DB00541D256700	valid
DB00541	D267730	original	DB00541D267730	train
DB00541	D268220	original	DB00541D268220	train
DB00541	D276300	original	DB00541D276300	train
DB00541	D601608	expanded	DB00541D601608	train
DB00541	D601626	original	DB00541D601626	test
DB00542	D146255	original	DB00542D146255	train
DB00542	D161900	original	DB00542D161900	train
DB00542	D608622	original	DB00542D608622	train
DB00544	D106400	expanded	DB00544D106400	train
DB00544	D114480	original	DB00544D114480	valid
DB00544	D114500	original	DB00544D114500	train
DB00544	D137215	original	DB00544D137215	train
DB00544	D276300	original	DB00544D276300	test
DB00545	D252320	original	DB00545D252320	train
DB00545	D254200	original	DB00545D254200	train
DB00547	D233810	original	DB00547D233810	train
DB00548	D604416	original	DB00548D604416	train
DB00549	D208550	original	DB00549D208550	train
DB00550	D275000	original	DB00550D275000	train
DB00552	D276300	original	DB00552D276300	train
DB00554	D140600	original	DB00554D140600	train
DB00554	D165720	original	DB00554D165720	train
DB00554	D208230	original	DB00554D208230	valid
DB00554	D607459	original	DB00554D607459	train
DB00554	D607850	original	DB00554D607850	train
DB00555	D102100	expanded	DB00555D102100	train
DB00555	D181500	original	DB00555D181500	train
DB00555	D217200	original	DB00555D217200	train
DB00555	D239350	original	DB00555D239350	valid
DB00557	D145590	original	DB00557D145590	train
DB00557	D147530	original	DB00557D147530	train
DB00559	D161900	original	DB00559D161900	train
DB00559	D178600	original	DB00559D178600	train
DB00563	D109543	original	DB00563D109543	train
DB00563	D109800	original	DB00563D109800	train
DB00563	D114480	original	DB00563D114480	valid
DB00563	D114500	original	DB00563D114500	train
DB00563	D133239	original	DB00563D133239	train
DB00563	D137215	original	DB00563D137215	valid
DB00563	D151590	expanded	DB00563D151590	train
DB00563	D182280	original	DB00563D182280	train
DB00563	D208920	expanded	DB00563D208920	train
DB00563	D223350	original	DB00563D223350	train
DB00563	D231090	expanded	DB00563D231090	train
DB00563	D233810	expanded	DB00563D233810	valid
DB00563	D236000	original	DB00563D236000	train
DB00563	D246470	original	DB00563D246470	train
DB00563	D247640	original	DB00563D247640	valid
DB00563	D254400	original	DB00563D254400	train
DB00563	D259500	original	DB00563D259500	valid
DB00563	D267730	original	DB00563D267730	train
DB00563	D268220	original	DB00563D268220	train
DB00563	D273300	original	DB00563D273300	test
DB00563	D276300	original	DB00563D276300	test
DB00563	D601626	original	DB00563D601626	train
DB00564	D102300	original	DB00564D102300	train
DB00564	D104130	original	DB00564D104130	valid
DB00564	D128101	original	DB00564D128101	valid
DB00564	D165199	expanded	DB00564D165199	train
DB00564	D181500	original	DB00564D181500	train
DB00564	D190400	original	DB00564D190400	valid
DB00569	D188050	original	DB00569D188050	train
DB00570	D114480	original	DB00570D114480	train
DB00570	D148000	original	DB00570D148000	train
DB00570	D188030	expanded	DB00570D188030	train
DB00570	D236000	original	DB00570D236000	valid
DB00570	D254400	original	DB00570D254400	train
DB00570	D273300	original	DB00570D273300	train
DB00570	D276300	original	DB00570D276300	test
DB00571	D110100	original	DB00571D110100	train
DB00571	D115000	original	DB00571D115000	train
DB00571	D140850	original	DB00571D140850	train
DB00571	D157300	original	DB00571D157300	train
DB00571	D157700	original	DB00571D157700	valid
DB00571	D161900	original	DB00571D161900	train
DB00571	D171300	original	DB00571D171300	train
DB00571	D190300	original	DB00571D190300	train
DB00571	D300125	original	DB00571D300125	test
DB00571	D608622	original	DB00571D608622	train
DB00572	D190310	original	DB00572D190310	train
DB00572	D226150	original	DB00572D226150	train
DB00573	D140600	original	DB00573D140600	train
DB00573	D147530	original	DB00573D147530	train
DB00573	D165720	original	DB00573D165720	test
DB00573	D208230	original	DB00573D208230	test
DB00573	D607459	original	DB00573D607459	train
DB00573	D607850	original	DB00573D607850	train
DB00575	D102300	original	DB00575D102300	train
DB00575	D137580	original	DB00575D137580	train
DB00575	D143465	original	DB00575D143465	test
DB00575	D144110	original	DB00575D144110	train
DB00575	D147530	original	DB00575D147530	train
DB00575	D161900	original	DB00575D161900	train
DB00575	D171300	original	DB00575D171300	train
DB00575	D601042	original	DB00575D601042	train
DB00575	D607554	original	DB00575D607554	valid
DB00575	D608622	original	DB00575D608622	train
DB00580	D140600	original	DB00580D140600	train
DB00580	D165720	original	DB00580D165720	valid
DB00580	D208230	original	DB00580D208230	train
DB00580	D607459	original	DB00580D607459	valid
DB00580	D607850	original	DB00580D607850	train
DB00583	D212140	original	DB00583D212140	train
DB00584	D146255	original	DB00584D146255	train
DB00584	D608622	original	DB00584D608622	valid
DB00585	D109350	original	DB00585D109350	train
DB00585	D190310	original	DB00585D190310	train
DB00585	D304790	original	DB00585D304790	test
DB00585	D600263	original	DB00585D600263	test
DB00586	D106400	original	DB00586D106400	train
DB00586	D140600	original	DB00586D140600	train
DB00586	D147530	original	DB00586D147530	train
DB00586	D150600	original	DB00586D150600	train
DB00586	D165720	original	DB00586D165720	train
DB00586	D208230	original	DB00586D208230	train
DB00586	D308205	original	DB00586D308205	test
DB00586	D607459	original	DB00586D607459	valid
DB00586	D607850	original	DB00586D607850	train
DB00588	D208550	original	DB00588D208550	train
DB00588	D600807	original	DB00588D600807	train
DB00590	D147530	original	DB00590D147530	train
DB00590	D161900	original	DB00590D161900	train
DB00590	D179600	original	DB00590D179600	train
DB00590	D200170	original	DB00590D200170	train
DB00590	D600082	original	DB00590D600082	train
DB00590	D608622	original	DB00590D608622	valid
DB00591	D603165	original	DB00591D603165	train
DB00593	D217200	original	DB00593D217200	train
DB00594	D161900	original	DB00594D161900	train
DB00594	D208300	original	DB00594D208300	train
DB00594	D215140	original	DB00594D215140	valid
DB00594	D608622	original	DB00594D608622	train
DB00596	D233810	original	DB00596D233810	train
DB00598	D110100	original	DB00598D110100	train
DB00598	D157700	original	DB00598D157700	train
DB00598	D161900	original	DB00598D161900	train
DB00598	D171300	original	DB00598D171300	train
DB00598	D608622	original	DB00598D608622	test
DB00603	D102500	original	DB00603D102500	train
DB00603	D131200	original	DB00603D131200	test
DB00603	D144700	original	DB00603D144700	valid
DB00603	D192000	original	DB00603D192000	test
DB00603	D605839	original	DB00603D605839	train
DB00604	D304790	original	DB00604D304790	train
DB00605	D133690	original	DB00605D133690	train
DB00605	D140600	original	DB00605D140600	train
DB00605	D147530	original	DB00605D147530	train
DB00605	D165720	original	DB00605D165720	valid
DB00605	D175100	original	DB00605D175100	train
DB00605	D208230	original	DB00605D208230	test
DB00605	D607459	original	DB00605D607459	train
DB00605	D607850	original	DB00605D607850	valid
DB00608	D181000	original	DB00608D181000	train
DB00611	D147530	original	DB00611D147530	train
DB00612	D110100	original	DB00612D110100	train
DB00612	D157700	original	DB00612D157700	valid
DB00619	D131440	original	DB00619D131440	train
DB00619	D247640	original	DB00619D247640	train
DB00619	D276300	original	DB00619D276300	train
DB00619	D607685	original	DB00619D607685	train
DB00620	D104130	original	DB00620D104130	train
DB00620	D114580	original	DB00620D114580	train
DB00620	D133600	original	DB00620D133600	valid
DB00620	D147540	original	DB00620D147540	train
DB00620	D148100	original	DB00620D148100	train
DB00620	D151590	original	DB00620D151590	valid
DB00620	D152700	original	DB00620D152700	test
DB00620	D165199	expanded	DB00620D165199	train
DB00620	D173200	original	DB00620D173200	train
DB00620	D181000	original	DB00620D181000	train
DB00620	D188030	original	DB00620D188030	train
DB00620	D208550	original	DB00620D208550	train
DB00620	D223350	original	DB00620D223350	train
DB00622	D161900	original	DB00622D161900	train
DB00622	D608622	original	DB00622D608622	train
DB00623	D181500	original	DB00623D181500	train
DB00624	D114480	original	DB00624D114480	train
DB00624	D215470	original	DB00624D215470	train
DB00624	D241100	original	DB00624D241100	train
DB00627	D144010	original	DB00627D144010	train
DB00627	D144650	original	DB00627D144650	train
DB00630	D102500	original	DB00630D102500	train
DB00630	D150600	original	DB00630D150600	train
DB00630	D166710	original	DB00630D166710	train
DB00630	D167320	expanded	DB00630D167320	train
DB00630	D602080	original	DB00630D602080	train
DB00631	D247640	original	DB00631D247640	train
DB00635	D109100	original	DB00635D109100	train
DB00635	D125600	original	DB00635D125600	train
DB00635	D126200	original	DB00635D126200	train
DB00635	D133600	original	DB00635D133600	train
DB00635	D143880	original	DB00635D143880	train
DB00635	D146850	original	DB00635D146850	train
DB00635	D147540	original	DB00635D147540	train
DB00635	D151590	original	DB00635D151590	train
DB00635	D152700	original	DB00635D152700	train
DB00635	D157300	original	DB00635D157300	test
DB00635	D181000	original	DB00635D181000	train
DB00635	D188030	original	DB00635D188030	valid
DB00635	D205700	original	DB00635D205700	train
DB00635	D208550	original	DB00635D208550	train
DB00635	D208920	original	DB00635D208920	train
DB00635	D223350	original	DB00635D223350	valid
DB00635	D233810	original	DB00635D233810	train
DB00635	D247640	original	DB00635D247640	train
DB00635	D254400	original	DB00635D254400	test
DB00635	D276300	original	DB00635D276300	train
DB00635	D304790	original	DB00635D304790	test
DB00635	D600351	original	DB00635D600351	test
DB00636	D144650	original	DB00636D144650	train
DB00637	D147540	original	DB00637D147540	train
DB00640	D194200	original	DB00640D194200	train
DB00641	D144010	original	DB00641D144010	train
DB00642	D276300	original	DB00642D276300	train
DB00644	D146110	original	DB00644D146110	train
DB00647	D147530	original	DB00647D147530	train
DB00650	D114500	original	DB00650D114500	train
DB00650	D176800	expanded	DB00650D176800	test
DB00650	D259500	original	DB00650D259500	test
DB00651	D208550	original	DB00651D208550	train
DB00651	D210050	original	DB00651D210050	train
DB00651	D600807	original	DB00651D600807	train
DB00652	D147530	original	DB00652D147530	train
DB00653	D127350	expanded	DB00653D127350	train
DB00653	D189800	original	DB00653D189800	train
DB00653	D217200	original	DB00653D217200	test
DB00653	D239350	original	DB00653D239350	train
DB00653	D248190	original	DB00653D248190	train
DB00654	D137750	original	DB00654D137750	train
DB00654	D137760	original	DB00654D137760	train
DB00654	D161900	original	DB00654D161900	train
DB00654	D601682	original	DB00654D601682	train
DB00655	D215470	original	DB00655D215470	train
DB00655	D311360	original	DB00655D311360	train
DB00657	D137580	original	DB00657D137580	train
DB00657	D145500	original	DB00657D145500	train
DB00657	D161900	original	DB00657D161900	train
DB00657	D608622	original	DB00657D608622	train
DB00659	D103780	original	DB00659D103780	train
DB00661	D115000	original	DB00661D115000	train
DB00661	D115195	original	DB00661D115195	train
DB00661	D157300	expanded	DB00661D157300	test
DB00661	D161900	original	DB00661D161900	train
DB00661	D200170	expanded	DB00661D200170	train
DB00661	D607554	original	DB00661D607554	valid
DB00661	D608583	original	DB00661D608583	valid
DB00661	D608622	original	DB00661D608622	train
DB00668	D137750	original	DB00668D137750	train
DB00668	D137760	original	DB00668D137760	valid
DB00668	D147540	original	DB00668D147540	train
DB00668	D208550	original	DB00668D208550	valid
DB00668	D600807	original	DB00668D600807	train
DB00668	D601682	original	DB00668D601682	train
DB00669	D157300	original	DB00669D157300	train
DB00669	D300125	original	DB00669D300125	train
DB00672	D125850	original	DB00672D125850	train
DB00672	D125851	original	DB00672D125851	train
DB00672	D125853	original	DB00672D125853	train
DB00672	D600496	original	DB00672D600496	train
DB00674	D104300	original	DB00674D104300	train
DB00674	D125320	original	DB00674D125320	train
DB00674	D605055	expanded	DB00674D605055	valid
DB00675	D114480	original	DB00675D114480	train
DB00675	D174800	expanded	DB00675D174800	train
DB00678	D145500	original	DB00678D145500	train
DB00678	D146255	original	DB00678D146255	train
DB00678	D161900	original	DB00678D161900	train
DB00678	D608622	original	DB00678D608622	train
DB00679	D181500	original	DB00679D181500	train
DB00682	D107320	expanded	DB00682D107320	train
DB00682	D125310	original	DB00682D125310	train
DB00682	D540000	expanded	DB00682D540000	train
DB00682	D601367	original	DB00682D601367	test
DB00682	D607554	original	DB00682D607554	test
DB00682	D608583	original	DB00682D608583	train
DB00686	D147530	original	DB00686D147530	train
DB00687	D157700	original	DB00687D157700	train
DB00687	D252320	original	DB00687D252320	valid
DB00691	D146255	original	DB00691D146255	train
DB00691	D161900	original	DB00691D161900	test
DB00691	D608622	original	DB00691D608622	train
DB00692	D155100	original	DB00692D155100	train
DB00692	D161900	original	DB00692D161900	train
DB00692	D171300	original	DB00692D171300	test
DB00692	D231200	original	DB00692D231200	train
DB00692	D273800	original	DB00692D273800	train
DB00692	D608622	original	DB00692D608622	test
DB00694	D148000	original	DB00694D148000	train
DB00694	D223350	original	DB00694D223350	valid
DB00694	D247640	original	DB00694D247640	train
DB00694	D276300	original	DB00694D276300	valid
DB00694	D601626	original	DB00694D601626	train
DB00695	D143880	original	DB00695D143880	train
DB00695	D146255	original	DB00695D146255	train
DB00695	D161900	original	DB00695D161900	train
DB00695	D166300	expanded	DB00695D166300	valid
DB00695	D203700	original	DB00695D203700	train
DB00695	D208300	original	DB00695D208300	train
DB00695	D210050	original	DB00695D210050	train
DB00695	D215140	original	DB00695D215140	valid
DB00695	D256370	expanded	DB00695D256370	valid
DB00695	D600351	original	DB00695D600351	train
DB00695	D608622	original	DB00695D608622	test
DB00696	D157300	original	DB00696D157300	train
DB00696	D300125	original	DB00696D300125	test
DB00697	D157300	original	DB00697D157300	train
DB00697	D160750	original	DB00697D160750	train
DB00697	D190400	original	DB00697D190400	valid
DB00697	D200170	expanded	DB00697D200170	test
DB00697	D601042	original	DB00697D601042	train
DB00704	D103780	original	DB00704D103780	train
DB00706	D147530	original	DB00706D147530	train
DB00706	D200170	original	DB00706D200170	test
DB00706	D310468	original	DB00706D310468	train
DB00706	D600082	original	DB00706D600082	train
DB00707	D133239	original	DB00707D133239	train
DB00710	D102500	original	DB00710D102500	train
DB00710	D166710	original	DB00710D166710	valid
DB00712	D103100	original	DB00712D103100	train
DB00712	D140600	original	DB00712D140600	train
DB00712	D153880	original	DB00712D153880	train
DB00712	D165720	original	DB00712D165720	train
DB00712	D208230	original	DB00712D208230	train
DB00712	D607459	original	DB00712D607459	train
DB00712	D607850	original	DB00712D607850	train
DB00714	D168100	original	DB00714D168100	train
DB00714	D168600	original	DB00714D168600	train
DB00715	D131300	original	DB00715D131300	train
DB00715	D164230	original	DB00715D164230	train
DB00715	D167870	original	DB00715D167870	test
DB00715	D252320	original	DB00715D252320	train
DB00716	D208550	original	DB00716D208550	train
DB00716	D600807	original	DB00716D600807	train
DB00717	D102500	expanded	DB00717D102500	train
DB00717	D131200	original	DB00717D131200	test
DB00717	D184700	original	DB00717D184700	train
DB00717	D192000	original	DB00717D192000	train
DB00717	D215470	original	DB00717D215470	test
DB00717	D604416	original	DB00717D604416	test
DB00721	D147530	original	DB00721D147530	train
DB00722	D125310	original	DB00722D125310	train
DB00722	D146255	original	DB00722D146255	train
DB00722	D161900	original	DB00722D161900	train
DB00722	D608320	original	DB00722D608320	train
DB00722	D608622	original	DB00722D608622	test
DB00724	D106400	expanded	DB00724D106400	train
DB00727	D179600	expanded	DB00727D179600	train
DB00727	D189800	original	DB00727D189800	valid
DB00731	D125850	original	DB00731D125850	train
DB00731	D125851	original	DB00731D125851	train
DB00731	D125853	original	DB00731D125853	train
DB00731	D600496	original	DB00731D600496	train
DB00733	D254200	original	DB00733D254200	train
DB00734	D137580	original	DB00734D137580	train
DB00734	D181500	original	DB00734D181500	test
DB00734	D182830	original	DB00734D182830	train
DB00734	D225740	original	DB00734D225740	test
DB00734	D225755	original	DB00734D225755	train
DB00734	D260970	original	DB00734D260970	train
DB00734	D300494	original	DB00734D300494	valid
DB00734	D608033	original	DB00734D608033	test
DB00736	D109350	original	DB00736D109350	train
DB00736	D190310	original	DB00736D190310	train
DB00736	D600263	original	DB00736D600263	train
DB00741	D125600	original	DB00741D125600	train
DB00741	D166760	original	DB00741D166760	train
DB00741	D233810	original	DB00741D233810	train
DB00744	D208550	original	DB00744D208550	train
DB00744	D600807	original	DB00744D600807	train
DB00745	D107650	original	DB00745D107650	train
DB00745	D126200	original	DB00745D126200	train
DB00745	D136200	original	DB00745D136200	train
DB00745	D143465	expanded	DB00745D143465	valid
DB00747	D107550	original	DB00747D107550	train
DB00747	D125320	original	DB00747D125320	train
DB00747	D158280	original	DB00747D158280	train
DB00747	D168100	original	DB00747D168100	train
DB00747	D168600	original	DB00747D168600	train
DB00747	D190310	original	DB00747D190310	valid
DB00747	D226150	original	DB00747D226150	train
DB00749	D140600	original	DB00749D140600	train
DB00749	D147530	original	DB00749D147530	train
DB00749	D165720	original	DB00749D165720	test
DB00749	D208230	original	DB00749D208230	test
DB00749	D607459	original	DB00749D607459	test
DB00749	D607850	original	DB00749D607850	train
DB00750	D147530	original	DB00750D147530	train
DB00754	D217200	original	DB00754D217200	train
DB00754	D239350	original	DB00754D239350	train
DB00755	D145100	expanded	DB00755D145100	train
DB00755	D145200	original	DB00755D145200	train
DB00755	D151590	original	DB00755D151590	valid
DB00755	D182000	original	DB00755D182000	train
DB00755	D276300	expanded	DB00755D276300	train
DB00755	D604416	original	DB00755D604416	train
DB00757	D145590	original	DB00757D145590	train
DB00758	D125310	original	DB00758D125310	train
DB00758	D540000	original	DB00758D540000	train
DB00758	D601367	original	DB00758D601367	valid
DB00759	D137400	original	DB00759D137400	train
DB00759	D600263	original	DB00759D600263	train
DB00759	D604416	original	DB00759D604416	test
DB00762	D114500	original	DB00762D114500	train
DB00762	D223350	original	DB00762D223350	train
DB00762	D246470	original	DB00762D246470	train
DB00762	D276300	original	DB00762D276300	train
DB00763	D275000	original	DB00763D275000	train
DB00764	D208550	original	DB00764D208550	train
DB00764	D233810	original	DB00764D233810	test
DB00764	D600807	original	DB00764D600807	train
DB00765	D171300	original	DB00765D171300	train
DB00767	D145590	original	DB00767D145590	train
DB00771	D191390	original	DB00771D191390	train
DB00771	D226150	original	DB00771D226150	train
DB00773	D182280	original	DB00773D182280	train
DB00773	D236000	original	DB00773D236000	valid
DB00773	D273300	original	DB00773D273300	train
DB00773	D276300	original	DB00773D276300	test
DB00775	D608320	original	DB00775D608320	train
DB00776	D208700	expanded	DB00776D208700	train
DB00776	D217200	expanded	DB00776D217200	test
DB00776	D267740	expanded	DB00776D267740	train
DB00776	D300491	expanded	DB00776D300491	train
DB00776	D600131	original	DB00776D600131	train
DB00776	D604827	original	DB00776D604827	train
DB00776	D607628	original	DB00776D607628	train
DB00776	D607631	original	DB00776D607631	train
DB00776	D607681	original	DB00776D607681	train
DB00776	D607682	original	DB00776D607682	train
DB00776	D608105	original	DB00776D608105	train
DB00783	D102500	expanded	DB00783D102500	train
DB00783	D114480	original	DB00783D114480	train
DB00783	D176807	original	DB00783D176807	train
DB00783	D215470	original	DB00783D215470	test
DB00783	D311360	original	DB00783D311360	train
DB00787	D268320	original	DB00787D268320	train
DB00788	D133600	original	DB00788D133600	train
DB00788	D133690	original	DB00788D133690	train
DB00788	D140600	original	DB00788D140600	valid
DB00788	D145590	original	DB00788D145590	train
DB00788	D147530	original	DB00788D147530	test
DB00788	D150600	original	DB00788D150600	valid
DB00788	D157300	original	DB00788D157300	train
DB00788	D165720	original	DB00788D165720	train
DB00788	D208230	original	DB00788D208230	train
DB00788	D252320	original	DB00788D252320	train
DB00788	D607459	original	DB00788D607459	test
DB00788	D607850	original	DB00788D607850	train
DB00790	D125310	original	DB00790D125310	train
DB00790	D146255	expanded	DB00790D146255	train
DB00790	D608320	original	DB00790D608320	train
DB00794	D121201	original	DB00794D121201	train
DB00794	D132090	original	DB00794D132090	train
DB00794	D132100	original	DB00794D132100	train
DB00794	D132300	original	DB00794D132300	train
DB00794	D190300	original	DB00794D190300	train
DB00794	D190310	expanded	DB00794D190310	valid
DB00794	D208700	original	DB00794D208700	test
DB00794	D217200	original	DB00794D217200	train
DB00794	D267740	expanded	DB00794D267740	test
DB00794	D300491	original	DB00794D300491	train
DB00794	D600131	original	DB00794D600131	test
DB00794	D604827	original	DB00794D604827	train
DB00794	D607628	original	DB00794D607628	valid
DB00794	D607631	original	DB00794D607631	train
DB00794	D607681	original	DB00794D607681	valid
DB00794	D607682	original	DB00794D607682	train
DB00794	D608105	original	DB00794D608105	train
DB00795	D104130	original	DB00795D104130	train
DB00795	D266600	original	DB00795D266600	test
DB00796	D161900	original	DB00796D161900	train
DB00796	D608622	original	DB00796D608622	train
DB00800	D161900	original	DB00800D161900	train
DB00800	D608622	original	DB00800D608622	valid
DB00804	D304790	original	DB00804D304790	train
DB00804	D600351	original	DB00804D600351	valid
DB00806	D125310	original	DB00806D125310	train
DB00806	D188050	original	DB00806D188050	train
DB00806	D540000	expanded	DB00806D540000	train
DB00806	D601367	original	DB00806D601367	train
DB00808	D161900	original	DB00808D161900	train
DB00808	D215140	original	DB00808D215140	train
DB00808	D256370	original	DB00808D256370	test
DB00808	D600351	original	DB00808D600351	train
DB00808	D608622	original	DB00808D608622	train
DB00810	D125320	original	DB00810D125320	train
DB00810	D168100	original	DB00810D168100	valid
DB00813	D147530	original	DB00813D147530	train
DB00814	D133690	original	DB00814D133690	train
DB00814	D140600	original	DB00814D140600	train
DB00814	D165720	original	DB00814D165720	train
DB00814	D208230	original	DB00814D208230	train
DB00814	D607459	original	DB00814D607459	train
DB00814	D607850	original	DB00814D607850	train
DB00816	D208550	original	DB00816D208550	train
DB00816	D210050	original	DB00816D210050	valid
DB00816	D600807	original	DB00816D600807	test
DB00819	D147480	original	DB00819D147480	train
DB00819	D215140	original	DB00819D215140	train
DB00819	D217200	original	DB00819D217200	train
DB00819	D239350	original	DB00819D239350	train
DB00819	D243200	original	DB00819D243200	train
DB00819	D600351	original	DB00819D600351	train
DB00820	D161900	original	DB00820D161900	train
DB00820	D178600	original	DB00820D178600	train
DB00822	D103780	original	DB00822D103780	train
DB00829	D156000	original	DB00829D156000	train
DB00829	D217200	original	DB00829D217200	train
DB00829	D601042	original	DB00829D601042	test
DB00831	D181500	original	DB00831D181500	train
DB00839	D125850	original	DB00839D125850	train
DB00839	D125851	original	DB00839D125851	train
DB00839	D125853	original	DB00839D125853	train
DB00839	D600496	original	DB00839D600496	test
DB00843	D104300	original	DB00843D104300	train
DB00843	D125320	original	DB00843D125320	train
DB00843	D605055	expanded	DB00843D605055	train
DB00844	D147530	original	DB00844D147530	train
DB00846	D233810	original	DB00846D233810	train
DB00848	D276300	original	DB00848D276300	train
DB00851	D155600	original	DB00851D155600	train
DB00851	D155601	original	DB00851D155601	valid
DB00851	D236000	original	DB00851D236000	train
DB00851	D256700	original	DB00851D256700	test
DB00851	D268220	original	DB00851D268220	valid
DB00851	D276300	original	DB00851D276300	train
DB00852	D145590	original	DB00852D145590	train
DB00852	D208550	original	DB00852D208550	train
DB00852	D600807	original	DB00852D600807	train
DB00852	D608088	original	DB00852D608088	train
DB00853	D155600	original	DB00853D155600	train
DB00853	D155601	original	DB00853D155601	train
DB00853	D276300	original	DB00853D276300	valid
DB00860	D126200	original	DB00860D126200	train
DB00860	D146850	original	DB00860D146850	train
DB00860	D147540	original	DB00860D147540	train
DB00860	D215140	original	DB00860D215140	train
DB00860	D276300	original	DB00860D276300	train
DB00860	D304790	original	DB00860D304790	train
DB00860	D600351	original	DB00860D600351	train
DB00861	D140600	original	DB00861D140600	train
DB00861	D147530	original	DB00861D147530	train
DB00861	D165720	original	DB00861D165720	train
DB00861	D208230	original	DB00861D208230	train
DB00861	D607459	original	DB00861D607459	valid
DB00861	D607850	original	DB00861D607850	train
DB00863	D109350	original	DB00863D109350	train
DB00863	D190310	original	DB00863D190310	train
DB00863	D304790	original	DB00863D304790	valid
DB00864	D603165	original	DB00864D603165	train
DB00865	D264120	original	DB00865D264120	train
DB00865	D303110	original	DB00865D303110	train
DB00865	D601665	original	DB00865D601665	train
DB00868	D608088	original	DB00868D608088	train
DB00869	D137750	original	DB00869D137750	train
DB00869	D137760	original	DB00869D137760	train
DB00869	D161900	original	DB00869D161900	train
DB00869	D601682	original	DB00869D601682	train
DB00871	D208550	original	DB00871D208550	train
DB00871	D210050	original	DB00871D210050	train
DB00871	D600807	original	DB00871D600807	train
DB00876	D161900	original	DB00876D161900	train
DB00876	D608622	original	DB00876D608622	train
DB00880	D161900	original	DB00880D161900	train
DB00880	D203700	original	DB00880D203700	train
DB00880	D210050	original	DB00880D210050	train
DB00880	D215140	original	DB00880D215140	train
DB00880	D256370	original	DB00880D256370	valid
DB00880	D600351	original	DB00880D600351	valid
DB00880	D608622	original	DB00880D608622	test
DB00881	D146255	original	DB00881D146255	train
DB00881	D161900	original	DB00881D161900	test
DB00881	D608622	original	DB00881D608622	valid
DB00882	D270960	original	DB00882D270960	train
DB00883	D109350	original	DB00883D109350	train
DB00883	D161900	original	DB00883D161900	train
DB00883	D178600	original	DB00883D178600	train
DB00883	D608320	original	DB00883D608320	train
DB00884	D102500	original	DB00884D102500	train
DB00884	D166710	original	DB00884D166710	train
DB00884	D167320	expanded	DB00884D167320	train
DB00884	D602080	original	DB00884D602080	train
DB00887	D146255	original	DB00887D146255	train
DB00887	D161900	original	DB00887D161900	train
DB00887	D166300	original	DB00887D166300	train
DB00887	D203700	original	DB00887D203700	train
DB00887	D208300	original	DB00887D208300	valid
DB00887	D210050	original	DB00887D210050	train
DB00887	D215140	original	DB00887D215140	train
DB00887	D256370	original	DB00887D256370	train
DB00887	D600351	original	DB00887D600351	valid
DB00887	D608622	original	DB00887D608622	valid
DB00889	D145590	original	DB00889D145590	train
DB00898	D147530	original	DB00898D147530	train
DB00899	D147530	original	DB00899D147530	train
DB00901	D208550	original	DB00901D208550	train
DB00901	D600807	original	DB00901D600807	train
DB00903	D161900	original	DB00903D161900	train
DB00903	D203700	original	DB00903D203700	test
DB00903	D208300	original	DB00903D208300	valid
DB00903	D210050	original	DB00903D210050	test
DB00903	D215140	original	DB00903D215140	train
DB00903	D256370	expanded	DB00903D256370	valid
DB00903	D600351	original	DB00903D600351	valid
DB00903	D608622	original	DB00903D608622	test
DB00904	D103780	expanded	DB00904D103780	train
DB00904	D145590	original	DB00904D145590	train
DB00904	D164230	expanded	DB00904D164230	train
DB00905	D137750	original	DB00905D137750	train
DB00905	D137760	original	DB00905D137760	valid
DB00905	D161900	original	DB00905D161900	test
DB00905	D601682	original	DB00905D601682	train
DB00906	D217200	original	DB00906D217200	train
DB00907	D147530	original	DB00907D147530	train
DB00907	D608088	original	DB00907D608088	train
DB00908	D115000	original	DB00908D115000	train
DB00908	D607554	original	DB00908D607554	test
DB00908	D608583	original	DB00908D608583	train
DB00909	D190300	original	DB00909D190300	train
DB00909	D208700	original	DB00909D208700	test
DB00909	D217200	original	DB00909D217200	valid
DB00909	D239350	original	DB00909D239350	train
DB00909	D267740	original	DB00909D267740	test
DB00909	D300491	original	DB00909D300491	train
DB00909	D600131	original	DB00909D600131	test
DB00909	D604827	original	DB00909D604827	valid
DB00909	D607628	original	DB00909D607628	train
DB00909	D607631	original	DB00909D607631	train
DB00909	D607681	original	DB00909D607681	train
DB00909	D607682	original	DB00909D607682	train
DB00909	D608105	original	DB00909D608105	test
DB00912	D125850	original	DB00912D125850	train
DB00912	D125851	original	DB00912D125851	train
DB00912	D125853	original	DB00912D125853	train
DB00912	D600496	original	DB00912D600496	valid
DB00915	D119500	expanded	DB00915D119500	train
DB00915	D126200	original	DB00915D126200	train
DB00915	D168100	original	DB00915D168100	train
DB00917	D231090	original	DB00917D231090	train
DB00918	D157300	original	DB00918D157300	train
DB00921	D147530	original	DB00921D147530	train
DB00924	D147530	original	DB00924D147530	train
DB00924	D157300	original	DB00924D157300	train
DB00924	D160750	original	DB00924D160750	train
DB00924	D200170	original	DB00924D200170	test
DB00924	D601042	original	DB00924D601042	train
DB00925	D171300	original	DB00925D171300	train
DB00927	D109350	original	DB00927D109350	train
DB00927	D190310	original	DB00927D190310	train
DB00927	D304790	original	DB00927D304790	train
DB00927	D600263	original	DB00927D600263	train
DB00928	D247200	original	DB00928D247200	train
DB00928	D258360	original	DB00928D258360	train
DB00928	D601004	expanded	DB00928D601004	train
DB00929	D140600	original	DB00929D140600	train
DB00929	D190310	original	DB00929D190310	train
DB00933	D181500	original	DB00933D181500	train
DB00936	D106400	original	DB00936D106400	train
DB00936	D125600	original	DB00936D125600	valid
DB00936	D147530	original	DB00936D147530	train
DB00936	D604416	original	DB00936D604416	train
DB00937	D264120	original	DB00937D264120	train
DB00937	D601665	original	DB00937D601665	train
DB00938	D208550	original	DB00938D208550	train
DB00938	D600807	original	DB00938D600807	train
DB00939	D147530	original	DB00939D147530	train
DB00945	D107320	original	DB00945D107320	train
DB00945	D125310	original	DB00945D125310	train
DB00945	D140600	original	DB00945D140600	train
DB00945	D145590	original	DB00945D145590	valid
DB00945	D147530	original	DB00945D147530	test
DB00945	D150600	original	DB00945D150600	train
DB00945	D152700	original	DB00945D152700	train
DB00945	D157300	expanded	DB00945D157300	train
DB00945	D165720	original	DB00945D165720	train
DB00945	D208230	original	DB00945D208230	train
DB00945	D601367	original	DB00945D601367	train
DB00945	D607459	original	DB00945D607459	train
DB00945	D607850	original	DB00945D607850	train
DB00947	D114480	original	DB00947D114480	train
DB00949	D102100	original	DB00949D102100	train
DB00952	D157300	original	DB00952D157300	train
DB00953	D157300	original	DB00953D157300	train
DB00956	D147530	original	DB00956D147530	train
DB00956	D608088	original	DB00956D608088	train
DB00957	D131200	original	DB00957D131200	train
DB00957	D192000	original	DB00957D192000	train
DB00957	D604416	original	DB00957D604416	train
DB00958	D109800	original	DB00958D109800	train
DB00958	D133239	original	DB00958D133239	train
DB00958	D259500	original	DB00958D259500	train
DB00958	D276300	original	DB00958D276300	test
DB00959	D109100	original	DB00959D109100	train
DB00959	D140600	original	DB00959D140600	test
DB00959	D146850	original	DB00959D146850	train
DB00959	D147540	original	DB00959D147540	train
DB00959	D208550	original	DB00959D208550	train
DB00959	D276300	original	DB00959D276300	train
DB00960	D161900	original	DB00960D161900	train
DB00960	D608622	original	DB00960D608622	train
DB00963	D115645	original	DB00963D115645	train
DB00963	D212350	original	DB00963D212350	train
DB00966	D145500	original	DB00966D145500	train
DB00966	D161900	original	DB00966D161900	test
DB00966	D608622	original	DB00966D608622	train
DB00968	D161900	original	DB00968D161900	train
DB00968	D608622	original	DB00968D608622	train
DB00969	D260570	original	DB00969D260570	train
DB00975	D601367	original	DB00975D601367	train
DB00977	D102500	expanded	DB00977D102500	train
DB00977	D131200	original	DB00977D131200	train
DB00977	D184700	original	DB00977D184700	train
DB00977	D192000	original	DB00977D192000	train
DB00977	D215470	original	DB00977D215470	train
DB00977	D311360	original	DB00977D311360	train
DB00977	D604416	original	DB00977D604416	train
DB00982	D601626	original	DB00982D601626	train
DB00982	D604416	original	DB00982D604416	test
DB00983	D208550	original	DB00983D208550	train
DB00983	D210050	original	DB00983D210050	train
DB00983	D600807	original	DB00983D600807	valid
DB00987	D109543	original	DB00987D109543	train
DB00987	D223350	original	DB00987D223350	train
DB00987	D236000	original	DB00987D236000	test
DB00987	D246470	original	DB00987D246470	train
DB00987	D247640	original	DB00987D247640	train
DB00987	D267730	original	DB00987D267730	train
DB00987	D276300	original	DB00987D276300	train
DB00987	D601626	original	DB00987D601626	train
DB00988	D146255	original	DB00988D146255	train
DB00988	D161900	original	DB00988D161900	train
DB00988	D166300	original	DB00988D166300	test
DB00988	D310468	original	DB00988D310468	train
DB00989	D104300	original	DB00989D104300	train
DB00989	D125320	original	DB00989D125320	valid
DB00989	D168100	original	DB00989D168100	valid
DB00989	D605055	expanded	DB00989D605055	train
DB00990	D114480	original	DB00990D114480	train
DB00991	D140600	original	DB00991D140600	train
DB00991	D165720	original	DB00991D165720	train
DB00991	D208230	original	DB00991D208230	train
DB00991	D607459	original	DB00991D607459	test
DB00991	D607850	original	DB00991D607850	train
DB00992	D106400	expanded	DB00992D106400	train
DB00993	D126200	original	DB00993D126200	train
DB00993	D152700	original	DB00993D152700	test
DB00993	D160300	original	DB00993D160300	train
DB00993	D181000	original	DB00993D181000	valid
DB00993	D188030	original	DB00993D188030	test
DB00993	D208920	original	DB00993D208920	train
DB00993	D233810	original	DB00993D233810	train
DB00993	D254200	original	DB00993D254200	train
DB00993	D266600	original	DB00993D266600	train
DB00995	D134750	original	DB00995D134750	train
DB00996	D102300	original	DB00996D102300	train
DB00996	D144110	expanded	DB00996D144110	train
DB00996	D147530	expanded	DB00996D147530	train
DB00996	D157300	original	DB00996D157300	train
DB00996	D165199	expanded	DB00996D165199	train
DB00996	D190300	original	DB00996D190300	train
DB00996	D208700	expanded	DB00996D208700	test
DB00996	D267740	expanded	DB00996D267740	test
DB00996	D300491	expanded	DB00996D300491	train
DB00996	D600131	original	DB00996D600131	train
DB00996	D604827	original	DB00996D604827	valid
DB00996	D607628	original	DB00996D607628	test
DB00996	D607631	original	DB00996D607631	valid
DB00996	D607681	original	DB00996D607681	valid
DB00996	D607682	original	DB00996D607682	test
DB00996	D608105	original	DB00996D608105	train
DB00997	D109800	original	DB00997D109800	train
DB00997	D114480	original	DB00997D114480	test
DB00997	D137215	original	DB00997D137215	train
DB00997	D188470	original	DB00997D188470	train
DB00997	D194070	original	DB00997D194070	train
DB00997	D211980	original	DB00997D211980	train
DB00997	D236000	original	DB00997D236000	train
DB00997	D247640	original	DB00997D247640	train
DB00997	D254500	original	DB00997D254500	train
DB00997	D256700	original	DB00997D256700	train
DB00997	D259500	original	DB00997D259500	train
DB00997	D268220	original	DB00997D268220	valid
DB00997	D276300	original	DB00997D276300	train
DB00997	D601626	original	DB00997D601626	test
DB00998	D157300	original	DB00998D157300	train
DB00999	D102500	original	DB00999D102500	train
DB00999	D125700	original	DB00999D125700	train
DB00999	D161900	original	DB00999D161900	train
DB00999	D208300	original	DB00999D208300	valid
DB00999	D215140	original	DB00999D215140	train
DB00999	D600351	original	DB00999D600351	test
DB00999	D608622	original	DB00999D608622	train
DB01001	D208550	original	DB01001D208550	train
DB01001	D600807	original	DB01001D600807	test
DB01002	D147530	original	DB01002D147530	train
DB01003	D191390	expanded	DB01003D191390	train
DB01003	D208550	original	DB01003D208550	valid
DB01003	D600807	original	DB01003D600807	test
DB01005	D144700	original	DB01005D144700	train
DB01005	D155600	original	DB01005D155600	train
DB01005	D155601	original	DB01005D155601	train
DB01005	D187950	original	DB01005D187950	train
DB01005	D263300	original	DB01005D263300	train
DB01005	D276300	original	DB01005D276300	test
DB01005	D605839	original	DB01005D605839	valid
DB01006	D114480	original	DB01006D114480	train
DB01008	D223350	original	DB01008D223350	train
DB01008	D246470	original	DB01008D246470	train
DB01008	D254450	original	DB01008D254450	train
DB01008	D263300	original	DB01008D263300	test
DB01008	D276300	original	DB01008D276300	valid
DB01009	D140600	expanded	DB01009D140600	train
DB01009	D145590	original	DB01009D145590	train
DB01009	D165720	expanded	DB01009D165720	test
DB01009	D208230	expanded	DB01009D208230	valid
DB01009	D607459	expanded	DB01009D607459	train
DB01009	D607850	expanded	DB01009D607850	train
DB01013	D125600	original	DB01013D125600	train
DB01013	D151590	original	DB01013D151590	valid
DB01014	D266600	original	DB01014D266600	train
DB01016	D125850	original	DB01016D125850	train
DB01016	D125851	original	DB01016D125851	train
DB01016	D125853	original	DB01016D125853	train
DB01016	D600496	original	DB01016D600496	train
DB01017	D604416	original	DB01017D604416	train
DB01018	D143465	original	DB01018D143465	train
DB01018	D161900	original	DB01018D161900	train
DB01018	D608622	original	DB01018D608622	test
DB01019	D109350	original	DB01019D109350	train
DB01019	D157950	original	DB01019D157950	train
DB01019	D191800	expanded	DB01019D191800	train
DB01020	D109350	expanded	DB01020D109350	train
DB01020	D608320	original	DB01020D608320	valid
DB01023	D161900	original	DB01023D161900	train
DB01023	D179600	original	DB01023D179600	train
DB01023	D608622	original	DB01023D608622	train
DB01029	D125850	original	DB01029D125850	train
DB01029	D125851	original	DB01029D125851	train
DB01029	D125853	original	DB01029D125853	valid
DB01029	D146255	original	DB01029D146255	valid
DB01029	D161900	original	DB01029D161900	train
DB01029	D600496	original	DB01029D600496	valid
DB01029	D608622	original	DB01029D608622	train
DB01030	D182280	original	DB01030D182280	train
DB01030	D276300	original	DB01030D276300	train
DB01033	D109543	original	DB01033D109543	train
DB01033	D151400	original	DB01033D151400	valid
DB01033	D191390	original	DB01033D191390	train
DB01033	D247640	original	DB01033D247640	valid
DB01033	D266600	original	DB01033D266600	train
DB01035	D115000	original	DB01035D115000	train
DB01035	D607554	original	DB01035D607554	train
DB01035	D608583	original	DB01035D608583	test
DB01039	D144010	original	DB01039D144010	train
DB01039	D144650	original	DB01039D144650	test
DB01041	D246300	original	DB01041D246300	train
DB01041	D254500	expanded	DB01041D254500	train
DB01042	D254500	original	DB01042D254500	train
DB01042	D256700	original	DB01042D256700	test
DB01042	D268220	original	DB01042D268220	test
DB01043	D104300	original	DB01043D104300	train
DB01043	D125320	original	DB01043D125320	valid
DB01043	D605055	expanded	DB01043D605055	valid
DB01045	D246300	original	DB01045D246300	train
DB01050	D140600	original	DB01050D140600	train
DB01050	D145590	original	DB01050D145590	train
DB01050	D147530	original	DB01050D147530	train
DB01050	D150600	original	DB01050D150600	test
DB01050	D165720	original	DB01050D165720	train
DB01050	D208230	original	DB01050D208230	valid
DB01050	D252320	original	DB01050D252320	valid
DB01050	D607459	original	DB01050D607459	train
DB01050	D607850	original	DB01050D607850	train
DB01058	D181460	original	DB01058D181460	train
DB01062	D144110	original	DB01062D144110	train
DB01063	D181500	original	DB01063D181500	train
DB01064	D115000	expanded	DB01064D115000	train
DB01064	D208550	original	DB01064D208550	train
DB01064	D600807	original	DB01064D600807	train
DB01067	D125850	original	DB01067D125850	train
DB01067	D125851	original	DB01067D125851	train
DB01067	D125853	original	DB01067D125853	valid
DB01067	D600496	original	DB01067D600496	train
DB01068	D102100	original	DB01068D102100	train
DB01068	D102300	original	DB01068D102300	train
DB01068	D140600	original	DB01068D140600	test
DB01068	D165720	original	DB01068D165720	train
DB01068	D167870	original	DB01068D167870	train
DB01068	D181500	original	DB01068D181500	valid
DB01068	D208230	original	DB01068D208230	train
DB01068	D254770	original	DB01068D254770	train
DB01068	D254800	original	DB01068D254800	train
DB01068	D607459	original	DB01068D607459	train
DB01068	D607850	original	DB01068D607850	train
DB01069	D147540	expanded	DB01069D147540	train
DB01069	D158280	original	DB01069D158280	train
DB01069	D608088	original	DB01069D608088	test
DB01070	D146255	original	DB01070D146255	train
DB01070	D241519	expanded	DB01070D241519	train
DB01072	D109100	original	DB01072D109100	train
DB01073	D109543	original	DB01073D109543	train
DB01073	D151400	original	DB01073D151400	train
DB01073	D223350	original	DB01073D223350	train
DB01073	D236000	original	DB01073D236000	valid
DB01073	D247640	original	DB01073D247640	train
DB01073	D267730	original	DB01073D267730	valid
DB01073	D276300	original	DB01073D276300	train
DB01075	D145590	original	DB01075D145590	train
DB01075	D147540	expanded	DB01075D147540	train
DB01075	D158280	expanded	DB01075D158280	train
DB01075	D608088	original	DB01075D608088	valid
DB01076	D144010	original	DB01076D144010	train
DB01080	D217200	expanded	DB01080D217200	train
DB01080	D308350	original	DB01080D308350	train
DB01080	D605021	original	DB01080D605021	train
DB01083	D264120	original	DB01083D264120	train
DB01083	D303110	original	DB01083D303110	valid
DB01083	D601665	original	DB01083D601665	test
DB01085	D161900	original	DB01085D161900	train
DB01086	D147530	original	DB01086D147530	train
DB01086	D166760	original	DB01086D166760	test
DB01088	D145500	original	DB01088D145500	train
DB01088	D161900	original	DB01088D161900	train
DB01088	D178600	original	DB01088D178600	test
DB01088	D608622	original	DB01088D608622	train
DB01095	D144010	original	DB01095D144010	train
DB01098	D144010	original	DB01098D144010	train
DB01099	D114580	original	DB01099D114580	train
DB01099	D212050	original	DB01099D212050	train
DB01101	D114480	original	DB01101D114480	train
DB01101	D114500	original	DB01101D114500	valid
DB01101	D137215	original	DB01101D137215	train
DB01101	D144700	original	DB01101D144700	valid
DB01101	D176807	original	DB01101D176807	valid
DB01101	D276300	original	DB01101D276300	train
DB01104	D131300	original	DB01104D131300	train
DB01104	D164230	original	DB01104D164230	test
DB01104	D167870	original	DB01104D167870	test
DB01104	D252320	original	DB01104D252320	train
DB01105	D264120	original	DB01105D264120	train
DB01105	D303110	original	DB01105D303110	train
DB01105	D601665	original	DB01105D601665	train
DB01109	D125310	original	DB01109D125310	train
DB01109	D540000	original	DB01109D540000	test
DB01109	D601367	original	DB01109D601367	train
DB01110	D114580	original	DB01110D114580	train
DB01110	D212050	original	DB01110D212050	train
DB01113	D115000	original	DB01113D115000	train
DB01113	D179600	original	DB01113D179600	test
DB01113	D260570	original	DB01113D260570	test
DB01115	D161900	original	DB01115D161900	train
DB01115	D179600	original	DB01115D179600	train
DB01115	D608622	original	DB01115D608622	train
DB01118	D115000	original	DB01118D115000	train
DB01120	D125853	original	DB01120D125853	train
DB01122	D254200	original	DB01122D254200	train
DB01124	D125850	original	DB01124D125850	train
DB01124	D125851	original	DB01124D125851	train
DB01124	D125853	original	DB01124D125853	test
DB01124	D600496	original	DB01124D600496	valid
DB01125	D607554	original	DB01125D607554	train
DB01128	D176807	original	DB01128D176807	train
DB01129	D109350	original	DB01129D109350	train
DB01129	D190310	original	DB01129D190310	valid
DB01129	D600263	original	DB01129D600263	valid
DB01132	D125850	original	DB01132D125850	train
DB01132	D125851	original	DB01132D125851	valid
DB01132	D125853	original	DB01132D125853	test
DB01132	D600496	original	DB01132D600496	train
DB01133	D167320	original	DB01133D167320	train
DB01133	D602080	original	DB01133D602080	test
DB01136	D161900	original	DB01136D161900	train
DB01136	D607554	original	DB01136D607554	train
DB01136	D608622	original	DB01136D608622	train
DB01137	D166760	expanded	DB01137D166760	train
DB01137	D208550	original	DB01137D208550	train
DB01142	D147530	original	DB01142D147530	train
DB01142	D603165	original	DB01142D603165	test
DB01143	D276300	original	DB01143D276300	train
DB01148	D155100	original	DB01148D155100	train
DB01148	D231200	original	DB01148D231200	train
DB01148	D273800	original	DB01148D273800	train
DB01151	D143465	original	DB01151D143465	train
DB01151	D147530	original	DB01151D147530	train
DB01156	D143465	original	DB01156D143465	train
DB01156	D167870	original	DB01156D167870	valid
DB01156	D264120	original	DB01156D264120	test
DB01157	D109100	original	DB01157D109100	train
DB01161	D147530	original	DB01161D147530	train
DB01162	D144110	original	DB01162D144110	train
DB01162	D147530	original	DB01162D147530	valid
DB01162	D157950	original	DB01162D157950	train
DB01162	D161900	original	DB01162D161900	train
DB01162	D200170	original	DB01162D200170	train
DB01162	D600082	original	DB01162D600082	train
DB01162	D608622	original	DB01162D608622	train
DB01165	D166760	original	DB01165D166760	train
DB01165	D600263	original	DB01165D600263	test
DB01167	D114580	original	DB01167D114580	train
DB01167	D212050	original	DB01167D212050	train
DB01167	D258360	expanded	DB01167D258360	train
DB01167	D602068	original	DB01167D602068	test
DB01169	D276300	original	DB01169D276300	train
DB01170	D161900	original	DB01170D161900	train
DB01170	D608622	original	DB01170D608622	train
DB01173	D147530	original	DB01173D147530	train
DB01173	D157300	original	DB01173D157300	train
DB01173	D160750	original	DB01173D160750	train
DB01173	D200170	original	DB01173D200170	train
DB01174	D121200	original	DB01174D121200	train
DB01174	D121201	original	DB01174D121201	train
DB01174	D143500	original	DB01174D143500	train
DB01174	D190310	original	DB01174D190310	train
DB01174	D208085	original	DB01174D208085	train
DB01174	D217200	original	DB01174D217200	train
DB01174	D218800	original	DB01174D218800	train
DB01174	D226150	original	DB01174D226150	test
DB01174	D237450	original	DB01174D237450	train
DB01174	D237500	original	DB01174D237500	train
DB01174	D308600	original	DB01174D308600	train
DB01174	D608217	original	DB01174D608217	train
DB01175	D164230	original	DB01175D164230	train
DB01176	D145590	original	DB01176D145590	train
DB01177	D223350	original	DB01177D223350	train
DB01177	D247640	original	DB01177D247640	train
DB01177	D601626	original	DB01177D601626	train
DB01181	D109543	original	DB01181D109543	train
DB01181	D151400	original	DB01181D151400	train
DB01181	D236000	original	DB01181D236000	train
DB01181	D247640	original	DB01181D247640	train
DB01181	D273300	original	DB01181D273300	train
DB01181	D276300	original	DB01181D276300	test
DB01182	D607554	original	DB01182D607554	train
DB01185	D114480	original	DB01185D114480	train
DB01185	D215470	original	DB01185D215470	test
DB01185	D241100	original	DB01185D241100	train
DB01186	D168100	original	DB01186D168100	train
DB01186	D168600	original	DB01186D168600	test
DB01188	D114580	original	DB01188D114580	train
DB01188	D125600	original	DB01188D125600	train
DB01189	D147530	original	DB01189D147530	train
DB01189	D161900	original	DB01189D161900	valid
DB01189	D608622	original	DB01189D608622	train
DB01192	D147530	original	DB01192D147530	train
DB01193	D161900	original	DB01193D161900	train
DB01193	D608622	original	DB01193D608622	train
DB01194	D137750	original	DB01194D137750	train
DB01194	D137760	original	DB01194D137760	train
DB01194	D161900	original	DB01194D161900	train
DB01194	D601682	original	DB01194D601682	train
DB01195	D607554	original	DB01195D607554	train
DB01196	D176807	original	DB01196D176807	train
DB01196	D601518	original	DB01196D601518	valid
DB01197	D146255	original	DB01197D146255	train
DB01197	D161900	original	DB01197D161900	train
DB01197	D179600	original	DB01197D179600	test
DB01197	D215140	original	DB01197D215140	train
DB01197	D600351	original	DB01197D600351	valid
DB01197	D602522	original	DB01197D602522	train
DB01197	D608622	original	DB01197D608622	train
DB01200	D168100	original	DB01200D168100	train
DB01202	D217200	original	DB01202D217200	train
DB01202	D239350	original	DB01202D239350	train
DB01202	D300491	original	DB01202D300491	valid
DB01202	D600131	original	DB01202D600131	test
DB01202	D604827	original	DB01202D604827	train
DB01202	D607628	original	DB01202D607628	valid
DB01202	D607631	original	DB01202D607631	test
DB01202	D607681	original	DB01202D607681	valid
DB01202	D607682	original	DB01202D607682	valid
DB01202	D608105	original	DB01202D608105	test
DB01203	D110100	original	DB01203D110100	train
DB01203	D157700	original	DB01203D157700	train
DB01203	D161900	original	DB01203D161900	valid
DB01203	D190300	original	DB01203D190300	train
DB01203	D190310	original	DB01203D190310	train
DB01203	D608622	original	DB01203D608622	train
DB01204	D109543	original	DB01204D109543	train
DB01204	D126200	expanded	DB01204D126200	train
DB01204	D147530	original	DB01204D147530	train
DB01204	D176807	original	DB01204D176807	train
DB01204	D236000	original	DB01204D236000	train
DB01204	D247640	original	DB01204D247640	test
DB01204	D267730	original	DB01204D267730	train
DB01204	D601626	original	DB01204D601626	test
DB01210	D137750	original	DB01210D137750	train
DB01210	D155100	original	DB01210D155100	valid
DB01210	D161900	original	DB01210D161900	train
DB01210	D231200	original	DB01210D231200	train
DB01210	D273800	original	DB01210D273800	valid
DB01214	D137750	original	DB01214D137750	train
DB01214	D137760	original	DB01214D137760	valid
DB01214	D601682	original	DB01214D601682	train
DB01216	D104130	original	DB01216D104130	train
DB01216	D109200	original	DB01216D109200	train
DB01216	D147530	original	DB01216D147530	train
DB01216	D200170	original	DB01216D200170	test
DB01216	D600082	original	DB01216D600082	train
DB01217	D114480	original	DB01217D114480	train
DB01217	D174800	expanded	DB01217D174800	train
DB01219	D125310	original	DB01219D125310	train
DB01219	D126200	original	DB01219D126200	valid
DB01219	D145600	original	DB01219D145600	train
DB01219	D154276	original	DB01219D154276	train
DB01219	D217150	original	DB01219D217150	train
DB01219	D238800	original	DB01219D238800	train
DB01219	D540000	original	DB01219D540000	train
DB01219	D601042	original	DB01219D601042	train
DB01219	D601367	original	DB01219D601367	valid
DB01219	D607225	original	DB01219D607225	test
DB01221	D147530	original	DB01221D147530	train
DB01222	D191390	original	DB01222D191390	train
DB01222	D208550	original	DB01222D208550	train
DB01222	D210050	original	DB01222D210050	train
DB01222	D266600	original	DB01222D266600	train
DB01222	D600807	original	DB01222D600807	train
DB01223	D208550	original	DB01223D208550	train
DB01223	D210050	original	DB01223D210050	train
DB01223	D600807	original	DB01223D600807	test
DB01224	D164230	expanded	DB01224D164230	train
DB01224	D181500	original	DB01224D181500	train
DB01225	D155100	original	DB01225D155100	train
DB01225	D188050	expanded	DB01225D188050	train
DB01225	D231200	original	DB01225D231200	train
DB01225	D273800	original	DB01225D273800	valid
DB01228	D115000	original	DB01228D115000	train
DB01229	D114480	original	DB01229D114480	train
DB01229	D148000	original	DB01229D148000	train
DB01229	D194070	original	DB01229D194070	train
DB01231	D145590	original	DB01231D145590	train
DB01231	D156000	expanded	DB01231D156000	train
DB01232	D109100	original	DB01232D109100	train
DB01233	D109350	original	DB01233D109350	train
DB01233	D157300	original	DB01233D157300	train
DB01234	D125600	original	DB01234D125600	train
DB01234	D133600	original	DB01234D133600	train
DB01234	D145590	original	DB01234D145590	train
DB01234	D152700	original	DB01234D152700	valid
DB01234	D153880	original	DB01234D153880	train
DB01234	D166760	original	DB01234D166760	train
DB01234	D181000	original	DB01234D181000	test
DB01234	D188030	original	DB01234D188030	train
DB01234	D208550	original	DB01234D208550	train
DB01234	D215140	original	DB01234D215140	valid
DB01234	D223350	original	DB01234D223350	train
DB01234	D233810	original	DB01234D233810	train
DB01234	D254400	original	DB01234D254400	train
DB01234	D276300	original	DB01234D276300	test
DB01234	D600351	original	DB01234D600351	train
DB01234	D601608	original	DB01234D601608	train
DB01235	D102300	original	DB01235D102300	train
DB01235	D168100	original	DB01235D168100	valid
DB01238	D164230	expanded	DB01238D164230	train
DB01238	D181500	original	DB01238D181500	train
DB01240	D161900	original	DB01240D161900	train
DB01240	D178600	original	DB01240D178600	train
DB01240	D188030	original	DB01240D188030	train
DB01241	D144010	original	DB01241D144010	train
DB01241	D144650	original	DB01241D144650	train
DB01241	D260480	original	DB01241D260480	train
DB01242	D164230	expanded	DB01242D164230	train
DB01242	D167870	original	DB01242D167870	train
DB01244	D161900	original	DB01244D161900	train
DB01244	D608622	original	DB01244D608622	train
DB01248	D114480	original	DB01248D114480	train
DB01248	D137215	original	DB01248D137215	train
DB01248	D155600	original	DB01248D155600	test
DB01248	D155601	original	DB01248D155601	valid
DB01248	D176807	original	DB01248D176807	train
DB01248	D276300	original	DB01248D276300	train
DB01254	D223350	original	DB01254D223350	train
DB01254	D247640	original	DB01254D247640	valid
DB01254	D276300	original	DB01254D276300	train
DB01255	D143465	original	DB01255D143465	train
DB01255	D300494	original	DB01255D300494	test
DB01258	D145500	original	DB01258D145500	train
DB01258	D161900	original	DB01258D161900	train
DB01258	D608622	original	DB01258D608622	train
DB01259	D114480	original	DB01259D114480	train
DB01259	D276300	original	DB01259D276300	valid
DB01260	D233810	original	DB01260D233810	train
DB01261	D125850	original	DB01261D125850	train
DB01261	D125851	original	DB01261D125851	train
DB01261	D125853	original	DB01261D125853	valid
DB01261	D600496	original	DB01261D600496	train
DB01262	D247200	original	DB01262D247200	train
DB01262	D601004	original	DB01262D601004	train
DB01267	D181500	original	DB01267D181500	train
DB01268	D144700	original	DB01268D144700	train
DB01268	D605839	original	DB01268D605839	train
DB01275	D145500	original	DB01275D145500	train
DB01275	D161900	original	DB01275D161900	train
DB01275	D608622	original	DB01275D608622	train
DB01291	D208550	original	DB01291D208550	train
DB01291	D600807	original	DB01291D600807	train
DB01296	D140600	original	DB01296D140600	train
DB01296	D165720	original	DB01296D165720	valid
DB01296	D208230	original	DB01296D208230	train
DB01296	D607459	original	DB01296D607459	train
DB01296	D607850	original	DB01296D607850	test
DB01320	D217200	original	DB01320D217200	train
DB01320	D239350	original	DB01320D239350	train
DB01327	D600803	original	DB01327D600803	train
DB01351	D217200	original	DB01351D217200	train
DB01351	D239350	original	DB01351D239350	train
DB01356	D181500	original	DB01356D181500	train
DB01359	D161900	original	DB01359D161900	train
DB01359	D608622	original	DB01359D608622	train
DB01364	D208550	original	DB01364D208550	train
DB01364	D600807	original	DB01364D600807	train
DB01367	D168100	original	DB01367D168100	train
DB01367	D168600	original	DB01367D168600	train
DB01378	D109350	original	DB01378D109350	train
DB01378	D190310	original	DB01378D190310	test
DB01394	D249100	original	DB01394D249100	train
DB01395	D184700	original	DB01395D184700	train
DB01395	D604416	original	DB01395D604416	train
DB01399	D145590	original	DB01399D145590	train
DB01399	D147530	original	DB01399D147530	train
DB01400	D157950	original	DB01400D157950	train
DB01400	D254200	original	DB01400D254200	train
DB01402	D600263	original	DB01402D600263	train
DB01403	D147530	original	DB01403D147530	train
DB01406	D131200	original	DB01406D131200	train
DB01406	D215140	original	DB01406D215140	train
DB01406	D600351	original	DB01406D600351	train
DB01406	D601608	original	DB01406D601608	train
DB01410	D208550	original	DB01410D208550	train
DB01427	D212110	original	DB01427D212110	train
DB01551	D608088	original	DB01551D608088	train
DB01576	D136200	original	DB01576D136200	train
DB01576	D143465	original	DB01576D143465	train
DB01577	D143465	original	DB01577D143465	train
DB01577	D264120	original	DB01577D264120	train
DB01577	D303110	original	DB01577D303110	valid
DB01577	D601665	original	DB01577D601665	train
DB01579	D264120	original	DB01579D264120	train
DB01579	D303110	original	DB01579D303110	train
DB01579	D601665	original	DB01579D601665	valid
DB01590	D144700	original	DB01590D144700	train
DB01590	D605839	original	DB01590D605839	test
DB01623	D181500	original	DB01623D181500	train
DB01677	D206200	original	DB01677D206200	train
DB02546	D254400	original	DB02546D254400	train
DB02546	D276300	original	DB02546D276300	train
DB03796	D115300	original	DB03796D115300	train
DB03796	D277350	original	DB03796D277350	train
DB03904	D173200	original	DB03904D173200	train
DB04272	D179800	original	DB04272D179800	train
DB04272	D179830	original	DB04272D179830	train
DB04272	D310468	original	DB04272D310468	train
DB04272	D604278	original	DB04272D604278	train
DB04844	D143100	original	DB04844D143100	train
DB04861	D110100	original	DB04861D110100	train
DB04861	D157700	original	DB04861D157700	train
DB04861	D161900	original	DB04861D161900	test
DB04861	D608622	original	DB04861D608622	valid
DB05259	D126200	original	DB05259D126200	train
DB06285	D102500	original	DB06285D102500	train
DB06285	D166710	original	DB06285D166710	train
DB06285	D606842	expanded	DB06285D606842	train
DB06287	D144700	original	DB06287D144700	train
DB06287	D605839	original	DB06287D605839	train
